wi,mu_i,sigma2_i,Rp: 19.674527 
38150.06308887841,29.094979620876238,27.22662633462599
